{
    "loss": 1.1422830820083618,
    "accuracy": 0.9607843160629272
}