{
    "loss": 8.710854530334473,
    "accuracy": 0.4313725531101227
}