{
    "loss": 41.30195236206055,
    "accuracy": 0.4313725531101227
}